Name,Flag
cluster1,empty
cluster2,gAAAAABlJtC0usmeDWDg2Rw0ZZMgcdH6vy_nG1jLli3LyQPGxqL7zBTBdXCGSOd6TljfNdU35OIp3e4TdT3Wp78AaqbdStzMDJ4yWOtUdi9_--CLVPU6waj7-dy1e9Z_NB07PRksbObX7Jj9bxF5aAKumJxr18lgDYIwQTiLUIavRge4rCrSSNI=
cluster3,gAAAAABlLVA0RfDR508C9TcZhU5HWA9j_PIB8kEG11h2i3zgiVY3x0V717u6paZtyOhSaU7TUTAK2PrXbYHnaYnw8Wpzvd9vyrsxSL8l0U2HmYzbS1_Fl7scam340k0vS43aUNba9ltuUVZ32Tk4nVbTulX0ygBUpWwNmU1YT6rvh53aA1oE1yc=
count_cifar,empty
count_mnist,gAAAAABlLyEdrwShlCzdKaNDk0YVdzWeVeGKlpEZobj1HQPblranMCcRq5JAp6Rf8McmYz0QIf7uXZQdQPXsup-qHASi08t1KbntFBtM2mtwNHmRgWPQBzdkF1iHMcpc-tnmTQLhQToKiEGnpJeyqc7LKUQkrkFbRHoKmnoBpQPLHpFY1rZtRGo=
granny,empty
granny_jpg,empty
granny_pixel,empty
guess_whos_back,gAAAAABlLAUDCYi3lUildRAN4yX5soveribi0ZAj5icakJDVZQYfS1re0HiQu4AlMxBPCDI7M8clDFmBhYfle6KyI3-t59yp4d7JKyRirrE7SujbR3SQP5u9fDdNy-JXIgV5-rsMAdSMM-LerajbytEZw0GJ4c8mfGTsW1uQFUI44g0adSlBpcU=
hush,empty
inversion,empty
passphrase,empty
pickle,empty
pirate_flag,gAAAAABlKs5RQAdAdyhMxaajcqbWm1IIHSUk36oISZdsTIp-usn8Nt6CArUTw1uH9aEwse_oG1VnCtC9BkkuoGQvh3h-XlGRXKZPDawb06HqeYYbPRIVjVDBYht56BCcLaO-sVsdDqUJHue0Zu-RxjNchR6LjMCFNXL_L-8zftSM0ImY9OFvBwU=
pixelated,empty
semantle,gAAAAABlKuP9O-zwa2H3vKNxAKRSGl09tBwLjiv98S2ImqIhQ3bQGq6xgSAAony8xaWqAGh9zo7kKuD4fGNsKSkBf5fdT3eN9YPIkiVp6PUGmvc8mbHHSNaNnhzwz-lun7cQqe-CTPMs7x4NoGm0ihMQAkXRHuBnBfVNbFATfwFh_BrbbI1TpQ8=
semantle2,empty
spanglish,gAAAAABlJ90I0m7DU8zcuJiKUIIR2WXwr10svXeu7mj7QV3txUsynWgOW3BN7TrZN_bkVRcUzcu15aLPLe8g3MQHx2jI7kN6jNE05-5PVNI_QiGdbDHkSpxbMyqlH9wGCeD4dk5Ul91iWhSsZ9URIF7pDjv1KIN9gNuKTgrNQPqg9k2qMSTwrMM=
test,gAAAAABlJrkyaO1uk57o_KTNLQXHLskQFzHfNENqY3-MkGe2jxkqenqHYC1w6Nc9QE1R6BonesRdaK_GDW-bR6I4SObSpQlFQCy0dDCifNUbdzNy3LOrmGWVkrTzZndBrLr6tfQR8ggjTx-CZ661itmocJUFD-cgfFD3hI2pqlcw81HVwOQmGn4=
whatistheflag,gAAAAABlKtiPV_TdXkFRw9bjugorrX-IruC1TGtxcE2kSkDJBe3Zn4Hmc8DDghMUxPyiCfsNF4jLgFv5gsJXHeooXvTJGbbXulWHGohAmUbYm3itplNxQydNYqL1J-yuIkAIRbYq2Igy6G7Xtk1hV9yVGiCZiO1dz2rDiaYUHo3K1TbHr1vCYg0=
whatistheflag2,gAAAAABlKuZ0l-v--Eov7ZGmcDsOyLeBR9rm1G24EoJ0ET84kM-NX-14EEh86SwhwZXIxpMM9uV2WYaCDpj6X7p4-yZDIVpot2g-iXhkNqkL8qKv_1hNEU62RgxYCMRN6zOdLcOiXOJ8ZjfOfz_W4hpglUa9crQIQBSVMjIMTn5Na88Un2Pr618=
whatistheflag3,empty
whatistheflag4,empty
whatistheflag5,gAAAAABlLn6ckdZLxhNllVIT5WEoKpX-erVbizJUNgcCwsfZcwbDZisfHAqZz5uf8jYqWjciTJLx95rxqlNPa6uIlhAhFHQ415gZRc1mkurjDqaCCNJyovs2Oq2vbMK4SvSo3khH48bw4LIGBxAbdtLrMRWV38V97kmCDI_1gReWX4aCKD3Yxuc=
whatistheflag6,gAAAAABlLoNHrKMoBhUnhKRXQHrjnjJbNq9X2RMEP1OlUKY5WEMIRxBWDDtBz9nj4OdsOH_KvntxwkfswiMuSRhVuW5Ln6iDV-sNqsq5VidOxB4BBNn3UvzshC8cq5eiQPtkWAITQ3ikvwrGAqqNRx8pN-E8gu6EgdzJDx6_2zqTN11BztDwnZM=
whats_my_ip,gAAAAABlLFvzhbvRxut2XviTVjI5ItNp30WFryUWCPaNh2cXfpCx_JaCut5VTP4QnHqw_tgwJ9QZb9TDvx9QPNZIVmqeeZVKnSdYAWf4SvfbNqGx4U8YQwRAxohngaukY61TutE2YPZv5zdvLo6Yf5ZwByQpn9JRb2iYBbSZJOGegtb1YSiHB6c=
whats_my_ip2,gAAAAABlLF0vw5-acuHKVyBgo4quNsl_BKxuoGOEor2Mz0V0d4t4Cqho4qUvrkrcUtaocjl2slIHA82nb6efybxTulK3dggiMveE5ZFqs-AyDUoaeFswEnuVJCQjU1E10E7khPERz4XArgg_kjf0LIKtwHiFPBwSNOHZkCzEtjoXF54vvImf9w0=
